neuron,block 2 (/16),block 5 (/16),block 8 (/16),block 11 (/16)
0,6.733892,8.118416,11.634733,16.428392
1,6.392278,8.188433,10.913282,15.979355
2,6.422112,8.466509,11.809503,16.328167
3,6.493621,8.627110,11.663424,15.772511
4,6.810848,8.891914,12.209178,17.342268
5,6.699681,8.253997,11.892817,17.015696
6,6.949585,9.073194,11.640108,16.101568
7,6.889795,8.433444,12.229995,16.928535
8,6.449404,8.474050,11.707543,15.593544
9,6.978530,8.387386,11.565657,15.910041
10,6.854612,8.388307,11.703284,15.801420
11,6.402130,8.305812,11.765742,15.799596
12,6.629796,8.729385,11.546735,16.031763
13,6.511007,8.287931,11.397435,16.067135
14,6.517700,8.760262,12.138062,17.320892
15,6.720736,8.914366,11.688962,16.547344
16,6.727598,8.748565,12.942711,18.044403
17,6.888102,8.401865,11.489656,15.882458
18,6.842967,8.111307,11.223230,15.265145
19,6.886330,8.800303,11.887999,17.049168
20,6.900123,8.510633,11.717196,16.894308
21,6.689537,8.078508,11.161131,15.623356
22,6.587426,8.732387,12.035366,16.865915
23,6.384701,8.324170,11.955224,15.701485
24,6.466756,8.643127,11.376602,16.453606
25,6.770749,8.350166,11.624917,16.371117
26,6.795310,8.334385,10.884859,15.683229
27,6.832789,8.303023,10.901315,15.796422
28,6.814819,8.404566,11.528591,15.748760
29,7.118352,8.858646,11.759636,17.058313
30,7.004982,8.132475,12.400204,16.231510
31,7.210844,8.762017,11.924070,16.257761
32,6.987533,8.486783,11.579020,15.839306
33,6.617659,8.261922,11.571337,16.027975
34,6.581991,8.361778,12.711641,17.411932
35,6.767528,8.445305,11.606096,17.379732
36,6.574166,8.701905,11.246099,16.922714
37,6.587208,8.105081,11.814489,16.709499
38,6.708510,8.563206,11.687313,16.759735
39,6.640512,8.344449,11.616874,16.391054
40,6.595755,8.524923,12.190017,18.002907
41,6.839644,8.033673,11.067245,15.615824
42,6.714915,8.780122,12.823270,17.141447
43,6.687959,8.610410,13.296616,17.195036
44,6.667444,8.062258,11.654952,15.476773
45,6.669067,8.233199,11.169654,16.160242
46,6.662404,8.299565,11.504871,15.350434
47,6.606832,8.417269,12.778289,17.326967
48,6.413339,8.546594,11.558163,16.224850
49,6.426950,8.624589,12.058748,16.207533
50,6.406212,8.230255,11.818706,16.794548
51,6.635697,8.317467,11.852368,15.258047
52,6.667541,8.428972,11.515142,16.277220
53,6.762383,8.402431,11.491856,16.815907
54,6.690395,8.519257,12.104818,17.645826
55,6.825544,8.298737,11.061745,15.827518
56,6.964087,8.503737,12.074265,17.264521
57,6.727192,8.585259,11.789640,16.381948
58,6.228053,8.322057,12.389350,17.678005
59,6.276593,8.096564,11.699988,15.939896
60,6.695719,7.817323,10.867298,15.535677
61,6.912005,8.224755,11.514451,15.515637
62,6.588245,8.515361,11.635480,16.350046
63,7.053363,8.902360,11.807831,16.215187
64,6.387265,8.386082,11.350449,16.229055
65,6.896762,8.369834,11.265037,16.512415
66,6.735970,8.549680,11.254068,15.525620
67,6.628617,8.267037,11.726660,16.450798
68,6.700513,8.723004,12.957307,17.909750
69,6.766215,8.432881,11.759754,16.629404
70,6.773781,8.314533,11.598763,15.661643
71,6.473405,8.830826,12.001144,17.051003
72,6.288250,8.220503,11.804835,16.384102
73,6.496294,8.407005,11.012704,16.033661
74,6.742480,8.732565,11.707855,16.359087
75,6.513073,8.502398,11.575318,16.151346
76,6.788983,8.061715,11.513997,16.526257
77,7.053810,8.934115,12.236969,17.145044
78,6.684464,8.187110,11.349553,16.180550
79,6.616545,8.539038,12.122475,17.493547
80,6.594908,8.735326,11.769317,15.876833
81,6.855502,7.963586,11.328464,15.757536
82,6.951197,8.164176,11.275660,16.830490
83,7.010497,8.825595,11.451951,17.180401
84,6.536552,8.148563,11.371102,16.070791
85,6.962265,8.318073,11.999806,16.656837
86,6.598579,8.355521,11.701229,15.577215
87,6.476251,8.446838,11.670297,15.920914
88,6.587963,7.895417,11.576148,16.122768
89,7.001743,8.555771,11.422059,16.062614
90,6.573802,8.199930,12.185001,16.793659
91,6.268947,8.476024,12.567034,18.360113
92,6.652670,8.040543,12.258821,16.093731
93,6.376878,8.019094,10.840132,15.447376
94,6.529714,8.489090,11.173875,15.857508
95,6.930759,8.660717,12.251708,15.833755
96,6.870335,9.100826,12.879536,18.072178
97,6.870092,8.958023,11.101607,16.207169
98,6.348213,8.097478,11.648278,15.879647
99,6.670460,8.289576,12.221419,16.998796
100,6.582268,8.570441,11.496242,16.819872
101,6.727602,8.952730,12.125542,16.170622
102,6.581056,8.364904,11.158988,16.286446
103,6.284636,8.322626,11.968732,17.779348
104,6.926968,8.176422,11.830683,15.611068
105,6.515312,8.009099,11.828643,16.589516
106,6.543276,8.299471,11.628144,16.441835
107,6.654396,7.730806,11.307129,16.239450
108,6.519777,8.685220,11.250449,15.506891
109,6.689250,8.383310,12.306694,16.193493
110,6.434968,8.502257,11.251496,16.151115
111,6.686715,8.606187,11.914429,16.735086
112,6.823474,8.539923,11.466115,15.933006
113,6.256927,8.247268,11.961331,15.755081
114,6.310815,8.396367,11.387321,17.124765
115,6.755742,8.550323,12.499901,17.786510
116,6.545045,8.313320,11.182428,16.864059
117,6.543721,8.574909,11.585447,16.592697
118,6.659637,8.306919,11.408055,16.774412
119,6.940462,8.219276,11.944077,16.438492
120,6.271639,8.182276,11.288158,16.008312
121,7.005982,8.487617,11.866529,17.617693
122,6.406860,8.261276,12.079524,16.217075
123,6.861744,8.850156,12.091353,18.109537
124,6.143494,8.603196,11.863371,16.377192
125,6.572202,8.328440,11.662620,16.598932
126,6.146480,8.263986,11.204801,16.663553
127,7.060385,9.140608,11.229448,16.649343
128,6.815620,7.937309,10.874798,15.957439
129,6.743822,8.727908,11.350230,15.660264
130,6.638046,8.457613,11.692302,15.740108
131,6.502246,8.400141,11.784307,15.837908
132,6.448333,8.401511,11.445972,16.662552
133,6.626289,8.592233,11.919524,16.570791
134,6.597096,8.667811,12.354137,16.661125
135,6.488163,8.475724,11.168531,16.290955
136,6.629616,8.064692,11.887094,17.629045
137,6.650606,8.407360,11.257484,16.918943
138,6.340640,7.895538,10.919137,15.466306
139,6.790906,8.868483,12.311474,17.180389
140,6.789877,8.540141,11.807183,16.421448
141,6.815627,8.726703,11.919925,16.596962
142,6.623630,8.612124,12.132432,16.773182
143,6.781450,8.367690,11.393196,15.611347
144,6.913247,9.155044,14.251864,21.351366
145,6.384350,8.097473,10.818035,15.806985
146,6.296623,8.125318,11.785631,15.374696
147,6.517216,8.420395,11.441864,15.715672
148,6.403191,8.164869,10.897689,15.346082
149,6.283288,8.643200,11.618025,16.545946
150,6.791647,8.891859,11.604870,16.643784
151,6.690731,8.470527,11.008517,15.515654
152,6.865270,8.980751,11.945763,16.895452
153,6.449199,8.055331,11.766508,15.921804
154,6.577272,8.238237,11.484797,16.591446
155,6.765973,8.059385,10.950891,16.062731
156,6.728938,8.826220,12.091789,16.363674
157,6.460308,7.634920,11.742900,16.146368
158,6.792966,8.429346,11.854921,16.121502
159,6.528955,8.697096,12.812999,17.269815
160,7.146036,8.577320,10.877959,15.730433
161,6.531703,8.947876,12.325359,15.968572
162,6.463068,8.631587,11.647573,15.717252
163,6.855324,8.679394,11.540377,16.919847
164,6.647943,8.223179,12.198762,16.310856
165,6.414964,8.199080,11.692657,16.593376
166,6.890220,8.575390,11.863612,16.161827
167,6.764157,8.002760,11.319803,15.850350
168,6.700303,8.470931,11.761941,16.189213
169,7.054564,8.693208,11.948793,15.620463
170,6.527098,8.810020,11.819523,16.751850
171,6.296355,8.436949,11.542271,15.343904
172,6.685628,8.912064,11.972012,17.151520
173,6.808558,8.109121,11.579042,16.862741
174,6.607635,8.143236,11.522657,16.116295
175,6.667671,8.901365,11.742275,16.258066
176,6.693048,8.700438,11.781346,16.425072
177,6.572844,8.389037,11.500553,16.098230
178,6.294765,8.749906,12.124545,18.196913
179,6.637072,7.964116,10.952878,16.094120
180,6.826067,8.678465,12.135946,16.352699
181,7.094328,8.629825,12.099465,16.597937
182,6.446403,8.374445,11.480050,15.477639
183,6.504816,8.443359,11.948349,16.214371
184,6.307508,8.327740,11.568128,16.499628
185,6.731780,8.280555,11.399696,16.293491
186,7.146881,8.296373,11.507584,15.852350
187,7.029793,8.668813,12.113920,16.878479
188,6.835045,8.705109,11.816989,16.872696
189,6.524817,8.743954,11.178099,16.510460
190,6.660587,8.417109,12.437704,16.595524
191,7.027601,9.029522,11.716215,16.928967
192,6.464393,8.303312,11.127212,16.763197
193,6.528236,8.261920,11.572430,16.165030
194,6.805436,8.460967,11.444614,16.150852
195,6.541692,8.178063,11.222161,16.919106
196,6.479390,8.681541,11.843513,15.803573
197,6.782547,8.856875,12.890108,18.405888
198,6.578927,8.577044,11.998203,17.774185
199,6.582019,7.863062,11.425055,15.581467
200,6.581911,8.333886,11.852224,16.349987
201,6.425531,8.420588,11.545397,15.949631
202,6.941787,8.435991,11.961545,16.794975
203,6.715452,7.958920,11.847212,16.918577
204,6.565447,8.356678,12.413433,17.315319
205,6.157361,8.745054,11.971559,16.618809
206,6.345465,8.566754,11.468932,15.892160
207,6.905859,8.960953,12.288779,15.621118
208,6.729298,8.410543,11.276693,17.055099
209,6.459300,8.279842,11.772664,15.407263
210,6.585671,8.684519,11.281832,16.098879
211,6.996881,8.544325,11.192589,16.759710
212,6.873994,8.789612,12.925731,17.249966
213,6.589756,8.704902,12.671712,16.905069
214,6.976147,8.492652,11.652883,16.471706
215,6.244031,7.921384,11.136197,16.351326
216,6.517584,8.209315,11.733077,15.526608
217,6.757937,7.982097,11.426888,16.236132
218,7.280344,8.686811,11.633281,17.708931
219,6.433188,8.773780,12.091109,16.686262
220,6.687969,8.032224,12.659573,16.287287
221,6.462748,8.438363,11.708113,15.979818
222,6.444060,8.252926,11.016600,15.489978
223,6.589548,8.222318,10.997519,16.277435
224,6.629247,8.441354,11.251875,15.963410
225,6.889091,8.398482,11.222110,16.184214
226,6.760104,8.732636,11.421337,16.489466
227,6.838186,8.414660,12.253331,17.390570
228,6.661979,8.624176,11.676145,16.900393
229,7.015305,7.849502,11.359673,16.332161
230,7.114779,8.858056,11.652874,17.256565
231,6.818241,8.354556,11.511785,16.805035
232,6.535133,8.587336,11.520284,16.072720
233,6.655263,8.601449,12.210227,16.850536
234,7.007258,7.884636,11.356395,17.315519
235,6.606316,8.346915,11.352156,16.373487
236,6.819940,8.368886,12.140373,17.187069
237,6.688381,8.595538,11.776643,16.784718
238,6.866539,8.932346,12.273154,16.768234
239,6.800871,8.458326,11.308217,16.381916
240,6.548294,8.500540,12.099271,16.635372
241,6.213054,8.339292,11.571383,16.826101
242,6.517010,9.010842,12.800968,16.808647
243,6.904336,8.704470,12.201625,17.671574
244,6.580644,8.806282,11.684963,16.829044
245,6.551715,8.683784,11.456885,16.002687
246,6.235313,9.160757,12.549328,16.706045
247,6.084360,8.293184,11.603518,16.260508
248,6.969473,8.333789,11.866493,17.119293
249,7.011999,8.728541,11.703240,16.557255
250,7.101837,8.397096,11.688419,16.847662
251,6.735256,8.164222,11.805750,17.026932
252,6.383811,8.761484,11.552533,16.220308
253,6.435248,8.364916,11.136765,16.253437
254,6.771398,8.589455,12.110466,17.164923
255,6.421264,8.010254,11.245958,16.339497
column_sum,1705.551514,2163.862061,3001.418701,4216.345215
